time,open,high,low,close,Volume
1737403200,38945,39205,38935,39170,37958
1737417600,39170,39250,38635,38980,318218
1737432000,38985,39035,38905,38960,81527
1737446400,39020,39150,38980,39020,61871
1737460800,39020,39110,38955,39075,77600
1737475200,39070,39265,39045,39230,46308
1737489600,39225,39390,39220,39335,28894
1737504000,39340,39655,39340,39615,232562
1737518400,39615,39705,39510,39580,126784
1737532800,39580,39670,39505,39670,56241
1737547200,39670,39875,39665,39835,75920
1737561600,39835,39950,39810,39895,28155
1737576000,39890,39890,39730,39795,23547
1737590400,39795,39930,39675,39920,224176
1737604800,39925,40040,39885,39885,118391
1737619200,39860,39900,39785,39870,45320
1737633600,39875,39880,39705,39805,57574
1737648000,39805,39845,39740,39830,26240
1737662400,39830,40030,39800,39980,26691
1737676800,39985,40405,39980,40130,265459
1737691200,40125,40140,39815,39940,176222
1737705600,40040,40200,39885,40180,76271
1737720000,40185,40615,40180,40470,116888
1737734400,40465,40615,40445,40545,48147
1737748800,40540,40575,40450,40485,10002
1737932400,40290,40360,39680,39735,316662
1737946800,39735,39865,39480,39480,198188
1737964800,39410,39450,38655,38870,240014
1737979200,38870,39195,38860,39085,207260
1737993600,39085,39115,38910,38985,83127
1738008000,38985,39170,38970,39165,40402
1738022400,39165,39375,38885,39160,323401
1738036800,39160,39190,38900,39070,136541
1738051200,39170,39245,39050,39155,101360
1738065600,39155,39360,38940,39290,121563
1738080000,39295,39430,39120,39425,75702
1738094400,39420,39435,39330,39370,24854
1738108800,39370,39455,39140,39355,216041
1738123200,39350,39590,39245,39590,140598
1738137600,39555,39615,39425,39540,64127
1738152000,39535,39535,39220,39230,80552
1738166400,39235,39370,39120,39340,68406
1738180800,39335,39390,39235,39290,29578
1738195200,39290,39605,39210,39560,216182
1738209600,39560,39580,39395,39420,90535
1738224000,39480,39550,39430,39470,54832
1738238400,39470,39540,39350,39410,102490
1738252800,39405,39670,39380,39665,58706
1738267200,39665,39710,39490,39625,39722
1738281600,39630,39665,39445,39635,199277
1738296000,39635,39680,39550,39630,94877
1738310400,39645,39695,39585,39690,47682
1738324800,39695,39725,39545,39655,67019
1738339200,39660,39825,39385,39470,109894
1738353600,39465,39465,39335,39355,16294
1738537200,38615,38870,38375,38455,420057
1738551600,38450,38600,38390,38600,229152
1738569600,38625,38805,38600,38620,127683
1738584000,38625,39105,38470,39095,236362
1738598400,39090,39155,38800,39050,157526
1738612800,39050,39290,38900,39250,34612
1738627200,39250,39310,38925,38950,205816
1738641600,38950,39030,38575,38770,223669
1738656000,38820,38915,38690,38885,83951
1738670400,38885,39070,38865,39030,87148
1738684800,39030,39130,38965,39055,55430
1738699200,39060,39110,38950,38975,25494
1738713600,38980,39115,38680,38755,223480
1738728000,38755,38915,38720,38740,132080
1738742400,38770,38835,38640,38780,73151
1738756800,38780,38880,38565,38705,95494
1738771200,38705,38895,38665,38880,43490
1738785600,38875,38960,38870,38895,26990
1738800000,38900,39190,38845,39010,229245
1738814400,39010,39095,38960,39090,95148
1738828800,39070,39160,39000,39020,64311
1738843200,39025,39105,38990,39015,76924
1738857600,39020,39125,38830,38880,42810
1738872000,38875,38985,38870,38905,21263
1738886400,38905,39010,38750,38830,208790
1738900800,38830,38900,38800,38840,93207
1738915200,38870,38925,38825,38915,47622
1738929600,38910,38945,38515,38620,145315
1738944000,38620,38630,38345,38445,124821
1738958400,38440,38440,38370,38385,10720
1739142000,38550,38855,38535,38750,190292
1739156400,38750,38900,38710,38760,106200
1739174400,38820,38895,38810,38880,36043
1739188800,38880,38930,38785,38880,57846
1739203200,38880,38965,38840,38935,28151
1739217600,38935,38945,38880,38925,5226
1739228400,38840,38885,38765,38785,51490
1739242800,38785,38820,38780,38790,16618
1739260800,38785,38865,38760,38860,28961
1739275200,38860,39060,38810,39025,62674
1739289600,39025,39080,38965,39060,41511
1739304000,39060,39125,39035,39045,27963
1739318400,39040,39110,38800,38885,198351
1739332800,38885,39005,38850,39000,86871
1739347200,39010,39030,38895,39025,48276
1739361600,39025,39050,38760,39025,122732
1739376000,39025,39225,38950,39185,67413
1739390400,39185,39245,39135,39190,28014
1739404800,39190,39540,39110,39475,214672
1739419200,39475,39595,39440,39440,116475
1739433600,39415,39420,39270,39325,66900
1739448000,39325,39500,39255,39410,86379
1739462400,39410,39465,39285,39435,49971
1739476800,39435,39510,39410,39510,30988
1739491200,39510,39580,39200,39265,210090
1739505600,39270,39270,39110,39110,103437
1739520000,39155,39225,39110,39195,49322
1739534400,39195,39240,39055,39080,58475
1739548800,39085,39145,38995,39100,30021
1739563200,39100,39135,39085,39095,5189
1739746800,39150,39235,38985,39120,156675
1739761200,39120,39220,39090,39200,109211
1739779200,39180,39205,39135,39180,35649
1739793600,39180,39200,39135,39160,20919
1739808000,39160,39185,39150,39160,10940
1739822400,39160,39175,39120,39150,17074
1739836800,39150,39480,39135,39480,233332
1739851200,39475,39500,39280,39300,90773
1739865600,39325,39355,39265,39275,40402
1739880000,39275,39300,39190,39260,58234
1739894400,39255,39290,39165,39245,41221
1739908800,39240,39290,39190,39205,24399
1739923200,39205,39285,38985,39095,211979
1739937600,39100,39185,39055,39170,70985
1739952000,39180,39180,38985,39005,47738
1739966400,39005,39050,38755,38820,88472
1739980800,38820,38995,38820,38980,35730
1739995200,38980,38995,38825,38910,21491
1740009600,38915,38955,38495,38495,263716
1740024000,38495,38710,38450,38710,133340
1740038400,38730,38805,38700,38720,55950
1740052800,38725,38760,38385,38410,109116
1740067200,38405,38565,38385,38550,50076
1740081600,38550,38595,38505,38560,21880
1740096000,38555,38805,38445,38640,242870
1740110400,38640,38800,38600,38790,77601
1740124800,38805,38865,38760,38820,56075
1740139200,38820,38830,38495,38530,105299
1740153600,38530,38565,38050,38145,84475
1740168000,38145,38205,38100,38100,14435
1740351600,38255,38365,38080,38285,84910
1740366000,38285,38375,38225,38345,49895
1740384000,38355,38380,38160,38345,63466
1740398400,38345,38355,37870,37975,100945
1740412800,37975,38270,37970,38160,55563
1740427200,38165,38165,38005,38105,28940
1740441600,38100,38475,38075,38345,261977
1740456000,38345,38380,38150,38240,118730
1740470400,38055,38240,37995,38230,82133
1740484800,38230,38330,37670,37870,158701
1740499200,37875,38115,37710,38025,90962
1740513600,38025,38130,37945,38090,38848
1740528000,38080,38105,37725,37810,227026
1740542400,37810,38220,37780,38220,117155
1740556800,38205,38245,38110,38205,61670
1740571200,38205,38435,38110,38415,111617
1740585600,38420,38475,37920,38000,85980
1740600000,38005,38310,37985,38290,33470
1740614400,38285,38390,38090,38135,219320
1740628800,38135,38320,38075,38300,111416
1740643200,38250,38395,38170,38385,57364
1740657600,38385,38400,37840,38100,177661
1740672000,38110,38255,37735,37785,84149
1740686400,37790,37790,37585,37690,52297
1740700800,37685,37725,36840,37020,372947
1740715200,37020,37215,36940,37100,202975
1740729600,37230,37410,37190,37355,92207
1740744000,37350,37545,37040,37490,149897
1740758400,37490,37525,37105,37370,114234
1740772800,37375,37550,37345,37550,16724
1740956400,37685,37790,37370,37630,243458
1740970800,37630,37890,37570,37860,188414
1740988800,37820,38100,37635,38095,102233
1741003200,38095,38260,37855,37995,184335
1741017600,37995,38110,37605,37615,112921
1741032000,37615,37615,37095,37335,89106
1741046400,37335,37430,36810,37145,333169
1741060800,37145,37380,36990,37355,183692
1741075200,37310,37360,36885,36945,117545
1741089600,36945,36945,36260,36465,287953
1741104000,36460,37400,36355,37370,193960
1741118400,37365,37560,36885,37325,69657
1741132800,37330,37605,37170,37575,289061
1741147200,37570,37610,37350,37425,122446
1741161600,37410,37605,37335,37420,101894
1741176000,37420,37485,37090,37395,203466
1741190400,37395,37840,37140,37715,123207
1741204800,37720,37805,37620,37665,29933
1741219200,37660,37885,37580,37770,200936
1741233600,37770,37820,37680,37750,94549
1741248000,37610,37630,37025,37225,138844
1741262400,37230,37440,36965,37355,179493
1741276800,37360,37460,36835,36920,136273
1741291200,36925,37085,36895,37035,35914
1741305600,37040,37135,36850,36920,234496
1741320000,36925,36965,36770,36770,133153
1741334400,36860,37025,36775,36990,85722
1741348800,36985,37100,36555,36775,233552
1741363200,36775,37250,36465,37135,171460
1741377600,37135,37260,37050,37260,23765
1741561200,37000,37150,36695,37120,221716
1741575600,37120,37120,36930,37075,123770
1741593600,37010,37050,36640,36700,129401
1741608000,36700,36740,36335,36470,187958
1741622400,36465,36595,36165,36480,109796
1741636800,36485,36500,36190,36310,31738
1741651200,36315,36495,35975,36395,295235
1741665600,36395,36805,36350,36760,133429
1741680000,36730,36930,36665,36870,102556
1741694400,36870,36870,36295,36470,214052
1741708800,36470,36820,36105,36515,118625
1741723200,36520,36730,36480,36730,19947
1741737600,36730,36955,36650,36765,158225
1741752000,36765,36930,36745,36800,68394
1741766400,36850,37035,36780,36980,58637
1741780800,36980,37220,36770,37085,155030
1741795200,37085,37220,36990,37095,57566
1741809600,37095,37195,37000,37130,11808
1741824000,37130,37330,36960,36975,67486
1741838400,36975,37050,36750,36750,34907
1741852800,36515,36790,36460,36605,113980
1741867200,36600,36755,36450,36480,177207
1741881600,36480,36615,36300,36450,78283
1741896000,36450,36565,36430,36470,29450
1741910400,36470,36870,36275,36845,218450
1741924800,36845,36900,36790,36860,97696
1741939200,36835,37075,36780,37060,90660
1741953600,37060,37345,37045,37295,128017
1741968000,37295,37370,37185,37350,50654
1741982400,37350,37350,37260,37270,6872
1742166000,37275,37320,37115,37260,149022
1742180400,37255,37310,37160,37200,100329
1742198400,37250,37290,37180,37245,69854
1742212800,37245,37560,37215,37470,139369
1742227200,37465,37775,37440,37690,61838
1742241600,37690,37745,37650,37695,16810
1742256000,37695,37755,37565,37690,167728
1742270400,37690,37750,37585,37620,90400
1742284800,37635,37750,37580,37650,70083
1742299200,37650,37675,37390,37445,102581
1742313600,37445,37585,37405,37535,59333
1742328000,37540,37585,37515,37575,16814
1742342400,37575,37875,37550,37760,180143
1742356800,37760,37760,37470,37500,102242
1742371200,37405,37590,37395,37560,66936
1742385600,37560,37720,37465,37685,97760
1742400000,37685,37780,37515,37625,94567
1742414400,37625,37655,37600,37615,6499
1742425200,37625,37665,37555,37615,46229
1742439600,37610,37640,37555,37570,26369
1742457600,37575,37650,37195,37300,104861
1742472000,37295,37470,37160,37410,110309
1742486400,37405,37470,37285,37435,45593
1742500800,37430,37455,37360,37365,16602
1742515200,37370,37725,37335,37610,202875
1742529600,37610,37685,37375,37400,101046
1742544000,37410,37480,37250,37275,81640
1742558400,37275,37320,37090,37160,124362
1742572800,37155,37385,37130,37345,64395
1742587200,37345,37365,37300,37310,5518
1742770800,37520,37585,37390,37445,146328
1742785200,37440,37480,37315,37350,88608
1742803200,37425,37500,37335,37460,60520
1742817600,37455,37715,37435,37710,75854
1742832000,37710,37740,37610,37725,57117
1742846400,37720,37770,37690,37720,23004
1742860800,37720,37870,37520,37540,201218
1742875200,37540,37580,37430,37580,92031
1742889600,37580,37770,37555,37765,73090
1742904000,37765,37780,37545,37630,78947
1742918400,37630,37825,37625,37815,41802
1742932800,37815,37900,37805,37865,23240
1742947200,37865,37905,37620,37765,211387
1742961600,37765,37970,37750,37800,149568
1742976000,37790,37810,37665,37760,67515
1742990400,37760,37790,37550,37580,94157
1743004800,37580,37590,37400,37460,57579
1743019200,37465,37485,37400,37430,23020
1743033600,37430,37590,37290,37355,216022
1743048000,37355,37515,37350,37410,128160
1743062400,37390,37525,37300,37520,75409
1743076800,37515,37530,37250,37390,126540
1743091200,37395,37515,37370,37400,39491
1743105600,37395,37430,37345,37390,18079
1743120000,37385,37395,36965,37005,208522
1743134400,37005,37155,36900,37010,138709
1743148800,36880,36890,36750,36825,80976
1743163200,36825,36845,36345,36430,172868
1743177600,36430,36505,36310,36380,60842
1743192000,36380,36385,36300,36300,6320
1743375600,36085,36160,35610,35705,304403
1743390000,35705,35775,35575,35700,214602
1743408000,35770,35895,35550,35635,111028
1743422400,35630,35965,35470,35890,151655
1743436800,35890,36150,35800,36060,71662
1743451200,36055,36055,35895,35980,29412
1743465600,35980,36085,35705,35715,234883
1743480000,35710,35800,35575,35620,150276
1743494400,35555,35730,35285,35370,120493
1743508800,35365,35715,35125,35715,182117
1743523200,35715,35860,35445,35745,89192
1743537600,35750,35880,35665,35770,22446
1743552000,35770,35785,35460,35690,210257
1743566400,35690,35815,35650,35760,111369
1743580800,35705,35715,35420,35430,96451
1743595200,35430,35870,35315,35830,152471
1743609600,35830,36100,35760,35980,83302
1743624000,35980,36500,33390,33790,157821
1743638400,33785,34880,33780,34575,433884
1743652800,34575,34835,34505,34835,182410
1743667200,34780,34835,34185,34295,171011
1743681600,34290,34460,33755,34040,240401
1743696000,34035,34260,33845,33895,101516
1743710400,33895,33995,33615,33975,43424
1743724800,33980,34360,33475,33575,380872
1743739200,33580,34000,33295,33760,291100
1743753600,33550,33655,32210,32570,408641
1743768000,32565,32970,31965,32395,426942
1743782400,32405,32680,32080,32225,183584
1743796800,32225,32360,32115,32230,19857
1743980400,30805,31995,30650,31650,503381
1743994800,31650,31855,30960,30960,413844
1744012800,30935,31775,30790,31550,301562
1744027200,31550,33430,31195,32230,535822
1744041600,32225,32750,31860,32225,218491
1744056000,32225,32845,32185,32640,54177
1744070400,32640,33300,32385,32745,410174
1744084800,32745,33110,32640,33100,247487
1744099200,33185,33445,32685,33390,159160
1744113600,33390,33925,33245,33510,271118
1744128000,33510,33590,31820,32220,243663
1744142400,32225,32345,31865,32230,55646
1744156800,32235,32325,31725,31835,319035
1744171200,31835,32055,31275,31825,342559
1744185600,32310,32580,31385,31530,305453
1744200000,31525,32140,31115,31720,416941
1744214400,31725,34880,31635,34850,379154
1744228800,34855,35140,34740,34810,65474
1744243200,34810,34970,34140,34445,314998
1744257600,34440,34700,34325,34635,214341
1744272000,34255,34265,33760,33870,150386
1744286400,33870,33930,32925,32985,245828
1744300800,32985,33510,32460,33390,214452
1744315200,33400,33500,33020,33060,42182
1744329600,33060,33435,32650,33210,327141
1744344000,33210,33710,33090,33515,202310
1744358400,33170,33260,32690,33050,174472
1744372800,33055,33310,32835,33175,256843
1744387200,33175,33745,33110,33660,103561
1744401600,33655,33735,33645,33720,5028
1744585200,33980,34350,33905,34195,215850
1744599600,34195,34295,34010,34165,137890
1744617600,34200,34285,34055,34145,73269
1744632000,34145,34505,34045,34055,148438
1744646400,34055,34470,33980,34305,80432
1744660800,34305,34360,34170,34350,26468
1744675200,34350,34495,34275,34380,137804
1744689600,34385,34440,34280,34355,72985
1744704000,34425,34450,34240,34265,61985
1744718400,34265,34610,34210,34570,148565
1744732800,34570,34640,34425,34495,47789
1744747200,34495,34500,34250,34250,19841
1744761600,34255,34305,34005,34015,140043
1744776000,34010,34025,33680,33920,145668
1744790400,33780,34360,33770,34175,124785
1744804800,34170,34350,34020,34185,121547
1744819200,34190,34215,33600,33840,77750
1744833600,33845,34080,33800,34045,32099
1744848000,34035,34310,33950,34255,184577
1744862400,34250,34430,34220,34430,101622
1744876800,34430,34495,34270,34375,79008
1744891200,34380,34600,34365,34490,150171
1744905600,34490,34740,34450,34470,84508
1744920000,34465,34555,34420,34505,17375
1744934400,34510,34680,34270,34650,114285
1744948800,34645,34830,34620,34830,80168
1744963200,34730,34825,34660,34695,19553
1744977600,34695,34765,34625,34625,12067
1744992000,34625,34765,34625,34680,8689
1745006400,34675,34675,34645,34660,1799
1745190000,34470,34630,34240,34285,164080
1745204400,34280,34400,34245,34260,104680
1745222400,34190,34360,34155,34255,47417
1745236800,34250,34365,33960,33970,93247
1745251200,33970,34195,33860,34145,54671
1745265600,34145,34245,34065,34210,27440
1745280000,34210,34375,34130,34195,158327
1745294400,34195,34300,34185,34280,87248
1745308800,34320,34485,34285,34360,63639
1745323200,34365,34825,34355,34800,109570
1745337600,34800,34960,34615,34850,96280
1745352000,34850,35400,34815,35285,41269
1745366400,35285,35285,34710,34970,212409
1745380800,34970,35005,34810,34910,104051
1745395200,35000,35210,34970,35055,69053
1745409600,35060,35520,35045,35240,224706
1745424000,35235,35445,35115,35335,71600
1745438400,35330,35505,35305,35310,24726
1745452800,35310,35325,35140,35165,152053
1745467200,35160,35165,34985,35025,95273
1745481600,34950,35140,34790,35080,90871
1745496000,35080,35415,35010,35360,103262
1745510400,35360,35585,35335,35560,55399
1745524800,35565,35670,35490,35500,29090
1745539200,35505,35780,35430,35770,222703
1745553600,35765,35875,35640,35780,139291
1745568000,35695,35750,35480,35570,78788
1745582400,35570,35860,35545,35800,110077
1745596800,35795,36010,35710,35995,56427
1745611200,35995,36080,35970,36035,8453
1745794800,35950,36100,35860,35875,166349
1745809200,35875,35920,35800,35905,112063
1745827200,35875,35980,35820,35965,48311
1745841600,35965,36070,35765,35865,97438
1745856000,35865,35990,35705,35920,42148
1745870400,35915,35925,35875,35875,3409
1745881200,35930,36020,35880,35990,41591
1745895600,35990,36140,35985,36070,33375
1745913600,36115,36225,36030,36050,48255
1745928000,36050,36085,35855,36005,79731
1745942400,36010,36165,35925,36090,35982
1745956800,36085,36120,35945,35960,20023
1745971200,35960,36045,35820,35915,144730
1745985600,35910,36080,35900,36025,89109
1746000000,36120,36160,36030,36060,47191
1746014400,36065,36075,35625,35940,147537
1746028800,35945,36250,35865,36145,60252
1746043200,36150,36325,36120,36220,27314
1746057600,36225,36400,36060,36355,183310
1746072000,36355,36575,36345,36550,119673
1746086400,36600,36835,36545,36805,73059
1746100800,36810,37070,36665,36890,134087
1746115200,36885,37065,36825,36855,46046
1746129600,36855,36900,36645,36650,34336
1746144000,36655,37010,36645,36790,216779
1746158400,36785,36950,36755,36810,114989
1746172800,36855,36880,36670,36715,52787
1746187200,36715,37015,36680,36965,117788
1746201600,36965,37225,36945,37195,60514
1746216000,37200,37240,37195,37225,6040
1746399600,37065,37165,36930,36975,53575
1746414000,36975,37080,36920,37050,28354
1746432000,37015,37070,36950,37040,33551
1746446400,37040,37235,37030,37235,68152
1746460800,37235,37340,37130,37165,23556
1746475200,37165,37175,37095,37110,12406
1746489600,37110,37205,37090,37110,67356
1746504000,37115,37165,37090,37130,30210
1746518400,37025,37035,36765,36870,72915
1746532800,36870,36985,36740,36885,66738
1746547200,36885,37030,36740,36755,43525
1746561600,36755,37100,36630,36975,29542
1746576000,36975,37030,36755,36870,183217
1746590400,36870,36930,36755,36780,79942
1746604800,36835,36930,36810,36830,47335
1746619200,36830,36855,36640,36790,75416
1746633600,36785,37080,36590,36955,123535
1746648000,36960,37005,36835,36950,22729
1746662400,36950,37125,36700,37035,240598
1746676800,37035,37135,36995,37135,86938
1746691200,37160,37455,37140,37380,76144
1746705600,37380,37620,37175,37575,141223
1746720000,37580,37690,37465,37480,54618
1746734400,37480,37515,37380,37455,33639
1746748800,37455,37535,37280,37450,174290
1746763200,37445,37590,37410,37520,115376
1746777600,37550,37675,37390,37525,81945
1746792000,37520,37620,37360,37480,77075
1746806400,37480,37500,37305,37465,39229
1746820800,37470,37495,37445,37445,4281
1747004400,37760,37840,37510,37510,158520
1747018800,37505,37710,37440,37700,145151
1747036800,38200,38615,38155,38435,155204
1747051200,38435,38640,38375,38565,124751
1747065600,38565,38790,38555,38755,45281
1747080000,38755,38790,38550,38555,30544
1747094400,38550,38565,38255,38280,206992
1747108800,38280,38405,38200,38200,118517
1747123200,38185,38190,38025,38105,74102
1747137600,38105,38445,38090,38405,102432
1747152000,38410,38505,38350,38360,37986
1747166400,38360,38395,38295,38350,21337
1747180800,38350,38385,37865,37925,198552
1747195200,37930,38175,37910,38140,105411
1747209600,38170,38200,37880,38020,78194
1747224000,38020,38080,37655,37715,108460
1747238400,37720,37770,37595,37720,38210
1747252800,37715,37785,37650,37785,20710
1747267200,37785,37875,37640,37720,151847
1747281600,37720,37840,37715,37715,86037
1747296000,37685,37745,37590,37695,50428
1747310400,37695,37815,37620,37780,79124
1747324800,37780,37850,37660,37775,32546
1747339200,37780,37825,37735,37765,17037
1747353600,37760,37790,37485,37665,174165
1747368000,37665,37805,37650,37770,84171
1747382400,37830,37935,37825,37930,45129
1747396800,37930,37935,37740,37905,74732
1747411200,37900,37995,37890,37985,25163
1747425600,37990,37990,37810,37810,5823
1747609200,37615,37675,37510,37625,165441
1747623600,37620,37625,37390,37390,107688
1747641600,37410,37450,37250,37350,58360
1747656000,37345,37560,37245,37505,102109
1747670400,37505,37620,37460,37595,33759
1747684800,37600,37735,37530,37730,23384
1747699200,37735,37940,37615,37655,189173
1747713600,37655,37700,37470,37530,92347
1747728000,37460,37620,37460,37600,43508
1747742400,37595,37675,37545,37625,68898
1747756800,37625,37715,37480,37620,39028
1747771200,37625,37625,37560,37625,15721
1747785600,37625,37670,37420,37465,138312
1747800000,37465,37475,37260,37260,84839
1747814400,37340,37370,37140,37255,59549
1747828800,37250,37335,37140,37305,83421
1747843200,37300,37370,36840,36915,101425
1747857600,36920,36960,36815,36900,23934
1747872000,36905,37110,36830,36940,195546
1747886400,36935,37035,36860,37020,95525
1747900800,36920,37005,36760,36765,68131
1747915200,36765,37105,36700,37090,139846
1747929600,37095,37210,37030,37055,48539
1747944000,37060,37135,37030,37125,20907
1747958400,37125,37385,37115,37210,145132
1747972800,37205,37230,37115,37185,100243
1747987200,37210,37315,36605,36640,134804
1748001600,36640,36865,36455,36760,197135
1748016000,36765,36940,36760,36860,65178
1748030400,36860,36880,36790,36880,5556
1748214000,37200,37505,37165,37290,164381
1748228400,37285,37585,37280,37585,122140
1748246400,37580,37665,37540,37630,36250
1748260800,37630,37640,37515,37600,33448
1748275200,37600,37615,37570,37585,3874
1748289600,37590,37610,37510,37550,12248
1748304000,37550,37560,37420,37455,106617
1748318400,37455,37820,37440,37820,106884
1748332800,37890,38070,37850,38060,75576
1748347200,38060,38305,37985,38290,92460
1748361600,38290,38385,38270,38360,33458
1748376000,38355,38375,38160,38165,27831
1748390400,38165,38190,37835,37860,189788
1748404800,37860,37885,37700,37700,100607
1748419200,37750,37880,37655,37830,54349
1748433600,37825,37990,37810,37870,75164
1748448000,37870,37945,37790,37860,37009
1748462400,37865,38270,37815,38165,49652
1748476800,38165,38430,38120,38355,254243
1748491200,38355,38465,38275,38405,113131
1748505600,38365,38395,38050,38090,93499
1748520000,38090,38095,37720,37755,168190
1748534400,37755,37935,37715,37920,64484
1748548800,37915,37950,37770,37805,28848
1748563200,37810,37950,37755,37910,174205
1748577600,37910,38120,37865,37960,143645
1748592000,38000,38045,37845,37870,54564
1748606400,37870,37905,37610,37690,129722
1748620800,37685,37780,37390,37695,78126
1748635200,37695,37735,37655,37680,6142
1748818800,37610,37640,37370,37375,149352
1748833200,37375,37505,37320,37490,113998
1748851200,37390,37560,37380,37525,56602
1748865600,37530,37645,37275,37605,107649
1748880000,37605,37820,37585,37805,37268
1748894400,37800,37845,37605,37620,18661
1748908800,37620,37740,37505,37590,162850
1748923200,37590,37600,37435,37510,68487
1748937600,37450,37575,37380,37555,47060
1748952000,37560,37775,37535,37765,67313
1748966400,37765,37790,37705,37755,33637
1748980800,37755,37755,37680,37710,22488
1748995200,37715,37875,37700,37780,159853
1749009600,37780,37845,37735,37780,81100
1749024000,37850,37865,37750,37815,51407
1749038400,37810,37815,37485,37530,106283
1749052800,37530,37615,37480,37570,24031
1749067200,37570,37580,37510,37575,16095
1749081600,37575,37735,37525,37580,159970
1749096000,37575,37650,37510,37525,87887
1749110400,37640,37660,37460,37500,46733
1749124800,37495,37635,37305,37625,147929
1749139200,37620,37660,37345,37495,79469
1749153600,37495,37580,37430,37550,21228
1749168000,37555,37760,37555,37660,136592
1749182400,37660,37795,37635,37770,79896
1749196800,37745,37895,37730,37875,44261
1749211200,37880,38160,37840,38020,104311
1749225600,38020,38045,37915,37990,33891
1749240000,37990,38040,37985,38010,3280
1749423600,37970,38185,37955,38170,129821
1749438000,38170,38180,38055,38105,81657
1749456000,38100,38225,38080,38205,42044
1749470400,38205,38335,38175,38200,58524
1749484800,38200,38295,38175,38225,19175
1749499200,38225,38315,38195,38270,16715
1749513600,38275,38500,38225,38465,155452
1749528000,38465,38470,38140,38230,142094
1749542400,38220,38260,38135,38245,36265
1749556800,38250,38305,38150,38295,49037
1749571200,38295,38405,38245,38380,30942
1749585600,38380,38425,38345,38425,15044
1749600000,38425,38530,38285,38365,142995
1749614400,38365,38455,38340,38440,64130
1749628800,38475,38625,38465,38600,40315
1749643200,38605,38750,38505,38510,63563
1749657600,38510,38545,38295,38340,28842
1749672000,38340,38420,38265,38290,9542
1749686400,38290,38400,38090,38190,46633
1749700800,38190,38215,38120,38175,17900
1749715200,38085,38085,37950,37970,59406
1749729600,37970,38275,37950,38145,77586
1749744000,38145,38210,38125,38180,24140
1749758400,38175,38190,37960,37970,29832
1749772800,37980,38100,37465,37720,369703
1749787200,37725,37825,37630,37780,112445
1749801600,37880,38100,37860,38040,95076
1749816000,38040,38145,37940,38110,103872
1749830400,38110,38140,37850,37920,71628
1749844800,37920,37955,37890,37955,5831
1750028400,38070,38220,38000,38210,165965
1750042800,38210,38360,38180,38360,126215
1750060800,38400,38435,38285,38390,51590
1750075200,38390,38605,38345,38565,67943
1750089600,38565,38590,38470,38515,27955
1750104000,38510,38575,38325,38330,26126
1750118400,38330,38560,38305,38485,159978
1750132800,38485,38540,38430,38505,75285
1750147200,38430,38445,38260,38360,60678
1750161600,38355,38455,38310,38405,57793
1750176000,38405,38450,38195,38225,49887
1750190400,38230,38315,38205,38310,16307
1750204800,38315,38815,38305,38790,185368
1750219200,38785,38890,38735,38845,105836
1750233600,38840,38955,38590,38650,86976
1750248000,38650,38800,38560,38665,75430
1750262400,38660,38775,38555,38640,51310
1750276800,38645,38825,38640,38810,20115
1750291200,38810,38840,38460,38585,156003
1750305600,38585,38600,38470,38510,74041
1750320000,38500,38690,38495,38630,48956
1750334400,38625,38635,38360,38365,57862
1750348800,38365,38480,38360,38460,8929
1750363200,38455,38540,38420,38440,17189
1750377600,38440,38620,38325,38500,176631
1750392000,38500,38515,38350,38350,94452
1750406400,38460,38590,38385,38540,67502
1750420800,38540,38585,38235,38320,104878
1750435200,38320,38385,38225,38305,44163
1750449600,38300,38395,38295,38395,5200
1750633200,38180,38290,38000,38205,189638
1750647600,38200,38400,38200,38400,106623
1750665600,38485,38585,38360,38430,56635
1750680000,38430,38545,38410,38415,59146
1750694400,38410,38605,38215,38585,69295
1750708800,38585,38830,38570,38770,24133
1750723200,38770,38970,38635,38740,213142
1750737600,38735,38835,38680,38810,92056
1750752000,38700,38790,38635,38695,58521
1750766400,38690,38715,38595,38640,57233
1750780800,38640,38780,38635,38755,22680
1750795200,38755,38865,38695,38860,20385
1750809600,38860,38910,38675,38750,163333
1750824000,38745,38930,38745,38930,81362
1750838400,38960,39135,38910,39110,62265
1750852800,39110,39125,38955,38975,55182
1750867200,38975,38985,38880,38935,23805
1750881600,38935,39050,38915,39025,20446
1750896000,39025,39445,39025,39415,194920
1750910400,39415,39580,39410,39510,144191
1750924800,39475,39570,39445,39515,44070
1750939200,39515,39625,39380,39615,67673
1750953600,39610,39780,39610,39750,32301
1750968000,39750,39965,39740,39930,24336
1750982400,39930,40285,39890,40205,226350
1750996800,40205,40240,40065,40185,124237
1751011200,40205,40430,40160,40430,56873
1751025600,40425,40635,40325,40625,70990
1751040000,40625,40645,40355,40535,49494
1751054400,40540,40580,40510,40580,4558
1751238000,40550,40870,40530,40790,208075
1751252400,40785,40810,40345,40445,214138
1751270400,40460,40470,40295,40365,48854
1751284800,40365,40425,40295,40325,48316
1751299200,40325,40365,40230,40285,30722
1751313600,40290,40340,40220,40325,18468
1751328000,40325,40360,39975,40085,221361
1751342400,40085,40175,39890,39890,145132
1751356800,39840,39860,39590,39655,78991
1751371200,39650,39780,39595,39670,66810
1751385600,39675,39800,39620,39670,34038
1751400000,39670,39675,39430,39460,28848
1751414400,39470,39760,39445,39735,234380
1751428800,39740,39955,39725,39790,143367
1751443200,39760,39800,39675,39760,42846
1751457600,39760,39765,39565,39685,78564
1751472000,39680,39720,39640,39710,19238
1751486400,39710,39810,39700,39805,17659
1751500800,39805,39875,39665,39785,158115
1751515200,39785,39810,39650,39720,106638
1751529600,39765,39795,39730,39765,23911
1751544000,39765,40100,39755,40035,91767
1751558400,40030,40125,40005,40120,13712
1751572800,40120,40120,39935,39960,19452
1751587200,39965,40005,39710,39760,164273
1751601600,39760,39865,39690,39770,95486
1751616000,39750,39765,39610,39710,51546
1751630400,39710,39810,39690,39775,32933
1751644800,39775,39780,39685,39740,7531
1751659200,39745,39760,39720,39760,2175
1751842800,39760,39850,39535,39635,154479
1751857200,39635,39690,39530,39540,84734
1751875200,39595,39775,39570,39770,42691
1751889600,39765,39915,39730,39765,59809
1751904000,39765,39815,39360,39460,82203
1751918400,39455,39525,39345,39510,26681
1751932800,39510,39820,39495,39700,194991
1751947200,39705,39820,39625,39820,89193
1751961600,39850,39890,39805,39875,37520
1751976000,39870,40050,39825,40010,63454
1751990400,40015,40045,39945,39980,21627
1752004800,39985,39990,39915,39945,15394
1752019200,39950,39995,39575,39715,157042
1752033600,39710,39840,39705,39800,69438
1752048000,39830,39865,39770,39845,31492
1752062400,39840,39955,39735,39815,59043
1752076800,39810,39925,39785,39915,17899
1752091200,39920,39945,39795,39800,13200
1752105600,39805,39805,39545,39580,163017
1752120000,39575,39705,39540,39640,115493
1752134400,39675,39730,39650,39680,24227
1752148800,39680,39745,39590,39745,43029
1752163200,39740,39755,39675,39705,15394
1752177600,39705,39900,39675,39890,24839
1752192000,39890,39960,39545,39630,240918
1752206400,39630,39685,39490,39510,87239
1752220800,39380,39425,39270,39365,66175
1752235200,39360,39530,39310,39480,57071
1752249600,39475,39565,39435,39505,21887
1752264000,39505,39505,39460,39465,4569
1752447600,39360,39480,39285,39425,157462
1752462000,39425,39605,39410,39410,103613
1752480000,39485,39490,39330,39340,40976
1752494400,39335,39505,39300,39495,53918
1752508800,39495,39545,39480,39515,19045
1752523200,39520,39570,39490,39520,14986
1752537600,39520,39645,39370,39435,207664
1752552000,39430,39675,39415,39655,81537
1752566400,39640,39750,39620,39715,34322
1752580800,39715,39820,39640,39665,72376
1752595200,39665,39750,39600,39615,27033
1752609600,39610,39685,39570,39685,15794
1752624000,39685,39770,39510,39735,180507
1752638400,39735,39915,39590,39590,162418
1752652800,39630,39660,39560,39600,40028
1752667200,39600,39660,39130,39445,143501
1752681600,39445,39600,39380,39560,37907
1752696000,39560,39565,39405,39435,18191
1752710400,39430,39780,39350,39775,169735
1752724800,39770,39935,39680,39935,114641
1752739200,39870,39905,39800,39825,38217
1752753600,39825,40015,39820,40005,64147
1752768000,40005,40110,40005,40050,26029
1752782400,40055,40135,40040,40100,19669
1752796800,40095,40095,39750,39825,180149
1752811200,39820,39855,39735,39835,75215
1752825600,39860,39865,39745,39755,30655
1752840000,39755,39785,39680,39735,47290
1752854400,39735,39745,39630,39695,24766
1752868800,39700,39730,39685,39730,3447
1753052400,39815,39850,39715,39790,39739
1753066800,39790,39860,39785,39830,22379
1753084800,39840,39860,39740,39770,16425
1753099200,39770,39925,39670,39890,46833
1753113600,39890,39905,39785,39800,16769
1753128000,39800,39830,39765,39790,13583
1753142400,39790,40270,39610,39700,253011
1753156800,39705,39760,39580,39745,100708
1753171200,39740,39805,39685,39760,47345
1753185600,39760,39770,39450,39530,87396
1753200000,39535,39640,39510,39605,25295
1753214400,39600,40450,39585,40385,45265
1753228800,40385,41130,40260,41065,404711
1753243200,41065,41360,41010,41220,207702
1753257600,41105,41375,41100,41230,78680
1753272000,41230,41725,41210,41695,114576
1753286400,41695,41745,41560,41650,45994
1753300800,41650,41765,41605,41750,27742
1753315200,41750,42080,41620,41845,278683
1753329600,41845,41965,41780,41870,133835
1753344000,41855,41860,41610,41635,59070
1753358400,41635,41725,41530,41700,60971
1753372800,41700,41765,41595,41605,20918
1753387200,41600,41730,41585,41690,15685
1753401600,41690,41745,41490,41505,150773
1753416000,41505,41570,41365,41365,105705
1753430400,41335,41480,41305,41355,50204
1753444800,41355,41430,41245,41360,61210
1753459200,41360,41410,41340,41375,13885
1753473600,41380,41380,41345,41375,2878
1753657200,41595,41610,41065,41190,193672
1753671600,41190,41205,40910,40910,151076
1753689600,40955,41025,40855,40930,44533
1753704000,40925,40935,40675,40735,70537
1753718400,40735,40800,40675,40795,21940
1753732800,40790,40875,40770,40815,17683
1753747200,40815,40830,40615,40645,155274
1753761600,40645,40810,40560,40810,101801
1753776000,40880,40960,40810,40870,53175
1753790400,40870,40910,40595,40690,77078
1753804800,40685,40690,40580,40650,30307
1753819200,40645,40765,40630,40750,14469
1753833600,40750,40755,40555,40670,133012
1753848000,40670,40725,40580,40665,69436
1753862400,40660,40750,40625,40735,27689
1753876800,40740,40785,40660,40725,39872
1753891200,40725,40765,40485,40650,46113
1753905600,40655,40850,40645,40735,24779
1753920000,40735,41050,40685,41015,160708
1753934400,41015,41200,40955,41200,89263
1753948800,41110,41290,41070,41135,66307
1753963200,41140,41210,40780,40835,95755
1753977600,40840,40880,40575,40760,65370
1753992000,40765,40810,40715,40720,30990
1754006400,40720,41010,40580,40890,199571
1754020800,40890,40930,40770,40860,88167
1754035200,40680,40690,40435,40525,76029
1754049600,40525,40525,39730,40115,227201
1754064000,40115,40140,39895,40000,67911
1754078400,39995,40005,39905,39905,4060
1754262000,39870,40140,39740,40115,206843
1754276400,40115,40325,40080,40320,134209
1754294400,40360,40460,40315,40335,52225
1754308800,40335,40530,40300,40515,62215
1754323200,40520,40590,40490,40585,21852
1754337600,40580,40640,40485,40530,19908
1754352000,40525,40640,40415,40570,134587
1754366400,40570,40650,40500,40650,76718
1754380800,40600,40650,40515,40640,34617
1754395200,40640,40675,40340,40475,85106
1754409600,40475,40610,40465,40530,28758
1754424000,40530,40560,40425,40430,13877
1754438400,40435,40840,40420,40815,140747
1754452800,40815,40860,40690,40805,77929
1754467200,40810,40840,40660,40715,42385
1754481600,40715,40845,40600,40825,68953
1754496000,40820,40905,40790,40855,22500
1754510400,40860,40875,40645,40645,21504
1754524800,40645,41160,40630,41100,175224
1754539200,41100,41115,40950,41000,103826
1754553600,41010,41345,41010,41255,73456
1754568000,41255,41325,41060,41095,76973
1754582400,41090,41145,41005,41100,35214
1754596800,41095,41275,41095,41210,24834
1754611200,41210,42025,41205,42000,262637
1754625600,42000,42025,41735,41820,125962
1754640000,41830,42165,41815,42140,63042
1754654400,42145,42340,42005,42295,89858
1754668800,42290,42390,42260,42290,26186
1754683200,42295,42340,42285,42285,4430
1754866800,42260,42490,42180,42425,55381
1754881200,42425,42455,42300,42375,30858
1754899200,42280,42325,42225,42290,31707
1754913600,42295,42390,42280,42370,33895
1754928000,42370,42410,42225,42300,21565
1754942400,42305,42335,42185,42210,17371
1754956800,42210,42990,42210,42940,249646
1754971200,42940,43000,42605,42640,168010
1754985600,42725,42825,42600,42820,46029
1755000000,42815,43375,42800,43320,135533
1755014400,43320,43350,43240,43270,20524
1755028800,43270,43325,43170,43205,22906
1755043200,43200,43410,43015,43375,204852
1755057600,43380,43455,43175,43370,120967
1755072000,43450,43480,43220,43230,63148
1755086400,43235,43235,43045,43060,71604
1755100800,43065,43160,43065,43145,16342
1755115200,43140,43170,43035,43075,14744
1755129600,43075,43200,42595,42650,222888
1755144000,42645,42740,42605,42630,92035
1755158400,42670,42740,42520,42735,46470
1755172800,42730,42890,42555,42795,85415
1755187200,42790,42870,42715,42835,18103
1755201600,42830,42860,42740,42775,19402
1755216000,42780,43185,42725,43165,168637
1755230400,43160,43470,43160,43470,124383
1755244800,43440,43490,43305,43385,48391
1755259200,43385,43480,43240,43380,72345
1755273600,43380,43495,43350,43455,21638
1755288000,43460,43460,43370,43370,4875
1755471600,43515,43800,43375,43780,187793
1755486000,43780,43840,43645,43720,101149
1755504000,43715,43810,43615,43785,46469
1755518400,43785,43935,43780,43870,55131
1755532800,43870,43885,43755,43805,28935
1755547200,43805,43860,43765,43820,14946
1755561600,43820,43880,43415,43615,191106
1755576000,43615,43695,43515,43565,59946
1755590400,43605,43820,43585,43730,50571
1755604800,43725,43735,43440,43480,69109
1755619200,43480,43495,43310,43390,26794
1755633600,43385,43415,43215,43225,21241
1755648000,43220,43230,42715,42740,225941
1755662400,42740,42950,42720,42920,97072
1755676800,42970,43005,42855,42900,44712
1755691200,42900,42930,42560,42680,98383
1755705600,42675,42875,42675,42830,29109
1755720000,42830,42845,42735,42800,15391
1755734400,42790,42920,42590,42605,146971
1755748800,42605,42670,42555,42615,64901
1755763200,42630,42685,42505,42595,45183
1755777600,42590,42750,42520,42630,75627
1755792000,42630,42680,42520,42650,24543
1755806400,42655,42705,42590,42650,13226
1755820800,42655,42725,42315,42540,160121
1755835200,42540,42630,42515,42575,54828
1755849600,42670,42775,42665,42695,43768
1755864000,42690,43110,42670,42850,137980
1755878400,42855,42980,42845,42965,28978
1755892800,42965,43020,42925,42925,5132
1756076400,43140,43200,42790,42820,191348
1756090800,42825,42830,42665,42770,103058
1756108800,42730,42750,42595,42630,36533
1756123200,42630,42715,42580,42630,46721
1756137600,42635,42640,42525,42530,17546
1756152000,42525,42680,42510,42640,15728
1756166400,42635,42700,42115,42410,204331
1756180800,42410,42460,42255,42300,80736
1756195200,42235,42345,42160,42275,48957
1756209600,42280,42490,42230,42380,53015
1756224000,42385,42505,42345,42485,19822
1756238400,42485,42530,42440,42470,16283
1756252800,42470,42615,42250,42555,144169
1756267200,42560,42570,42390,42500,74192
1756281600,42470,42470,42330,42415,35984
1756296000,42415,42495,42350,42475,50275
1756310400,42480,42575,42415,42555,18456
1756324800,42555,42595,42335,42345,30228
1756339200,42350,42830,42275,42810,190748
1756353600,42810,42930,42705,42930,70278
1756368000,42985,43045,42725,42780,58422
1756382400,42775,43010,42750,42935,67799
1756396800,42935,42990,42875,42915,19835
1756411200,42915,42930,42765,42790,19804
1756425600,42795,42820,42620,42740,150129
1756440000,42735,42810,42660,42690,77769
1756454400,42660,42660,42345,42405,66781
1756468800,42405,42485,42025,42120,113927
1756483200,42120,42195,42065,42095,32268
1756497600,42095,42115,42080,42110,3806
1756681200,42250,42465,41800,41805,211629
1756695600,41805,42250,41775,42250,133866
1756713600,42265,42390,42265,42355,46251
1756728000,42355,42410,42285,42370,26909
1756742400,42375,42375,42335,42365,3765
1756756800,42365,42405,42295,42330,12353
1756771200,42325,42490,42220,42390,159702
1756785600,42390,42400,42090,42350,92113
1756800000,42150,42160,41915,41915,75456
1756814400,41915,42105,41685,41835,122424
1756828800,41835,42110,41835,42085,30501
1756843200,42080,42185,42045,42080,20100
1756857600,42080,42300,41990,42010,155508
1756872000,42015,42080,41870,42015,103237
1756886400,42055,42210,42055,42165,53437
1756900800,42170,42220,42015,42035,70711
1756915200,42030,42125,41920,42120,25468
1756929600,42115,42140,42050,42060,13350
1756944000,42060,42545,42020,42445,191197
1756958400,42450,42640,42445,42630,87855
1756972800,42625,42675,42495,42520,46556
1756987200,42520,42880,42495,42855,81629
1757001600,42855,42895,42825,42880,17526
1757016000,42885,43030,42855,43020,23013
1757030400,43025,43235,42855,42915,182644
1757044800,42915,43075,42785,43070,82764
1757059200,43045,43150,42995,43095,43499
1757073600,43095,43210,42585,42740,182173
1757088000,42745,42920,42740,42910,38579
1757102400,42910,42935,42890,42890,3271
1757286000,43705,43855,43335,43630,229909
1757300400,43630,43720,43555,43655,106180
1757318400,43605,43870,43535,43795,56321
1757332800,43795,44030,43755,44025,67756
1757347200,44025,44040,43895,43975,27665
1757361600,43980,43985,43865,43865,21036
1757376000,43865,44195,43630,43720,215208
1757390400,43720,43720,43435,43550,102829
1757404800,43575,43605,43190,43215,74460
1757419200,43215,43315,43070,43225,72445
1757433600,43230,43515,43220,43485,25873
1757448000,43485,43615,43460,43500,19651
1757462400,43500,43785,43475,43780,130022
1757476800,43780,43880,43720,43880,59425
1757491200,43880,43930,43690,43830,44863
1757505600,43825,44020,43770,44000,58649
1757520000,44000,44005,43815,43895,14738
1757534400,43900,43990,43860,43935,10724
1757548800,43925,44400,43860,44380,61043
1757563200,44380,44470,44005,44430,37424
1757577600,44270,44395,44265,44330,57161
1757592000,44330,44575,44265,44550,91151
1757606400,44545,44555,44470,44500,22761
1757620800,44500,44650,44480,44625,30520
1757635200,44620,44725,44315,44520,202297
1757649600,44515,44630,44480,44480,91791
1757664000,44425,44580,44330,44460,57351
1757678400,44455,44475,44370,44415,50875
1757692800,44415,44550,44390,44420,24562
1757707200,44415,44465,44400,44435,3726
1757977200,44640,44805,44375,44730,218441
1757991600,44735,44825,44585,44640,141523
1758009600,44590,44690,44555,44640,50173
1758024000,44640,44680,44425,44465,66892
1758038400,44465,44525,44455,44505,40967
1758052800,44505,44580,44455,44540,22226
1758067200,44540,44795,44365,44765,186996
1758081600,44760,44760,44485,44610,100913
1758096000,44650,44675,44465,44525,39763
1758110400,44525,44660,44515,44575,39854
1758124800,44575,44715,44345,44595,78779
1758139200,44600,44795,44590,44715,18631
1758153600,44720,45195,44575,45140,233319
1758168000,45140,45280,45050,45210,130979
1758182400,45250,45605,45215,45545,82123
1758196800,45545,45710,45435,45645,81806
1758211200,45640,45710,45525,45570,23006
1758225600,45575,45670,45555,45555,20827
1758240000,45555,45640,45045,45130,242349
1758254400,45130,45185,44240,44725,351051
1758268800,44840,45100,44825,45040,58620
1758283200,45040,45105,44840,44980,64750
1758297600,44975,45060,44975,45000,18173
1758312000,45000,45055,44995,45055,3296
1758495600,45070,45515,44980,45450,203594
1758510000,45450,45535,45240,45315,144164
1758528000,45240,45270,45120,45230,55079
1758542400,45230,45365,45220,45280,53941
1758556800,45275,45500,45275,45465,34836
1758571200,45460,45500,45440,45500,3573
1758582000,45500,45625,45395,45620,34980
1758596400,45615,45655,45450,45550,35824
1758614400,45530,45615,45500,45525,24325
1758628800,45520,45580,45445,45445,33666
1758643200,45450,45470,45255,45310,38043
1758657600,45310,45375,45215,45240,18976
1758672000,45245,45255,44970,45230,168037
1758686400,45230,45440,45190,45420,74716
1758700800,45470,45520,45415,45470,31654
1758715200,45470,45600,45325,45335,57582
1758729600,45330,45475,45265,45370,36005
1758744000,45370,45435,45365,45385,12533
1758758400,45385,45580,45260,45485,177716
1758772800,45485,45550,45375,45455,84414
1758787200,45455,45465,45140,45160,55366
1758801600,45160,45415,45015,45385,113232
1758816000,45385,45390,45140,45370,39646
1758830400,45370,45390,45325,45380,19023
1758844800,45380,45515,45185,45260,218016
1758859200,45260,45360,45050,45050,168718
1758873600,45130,45155,44925,45035,58009
1758888000,45035,45215,44935,45020,99076
1758902400,45020,45170,45015,45130,25993
1758916800,45130,45225,45120,45210,6283
1759100400,45220,45250,44925,44985,181423
1759114800,44985,45135,44940,45130,124963
1759132800,45080,45215,45075,45160,41144
1759147200,45160,45275,45040,45085,58193
1759161600,45085,45180,45040,45170,19259
1759176000,45175,45180,45075,45115,16055
1759190400,45115,45175,44785,45140,215086
1759204800,45135,45185,44910,44930,101034
1759219200,44835,44850,44620,44740,63287