time,open,high,low,close,Volume
1786942800,68935,69215,68880,69210,20825
1786946400,69205,69290,69120,69290,23406
1786953600,69285,69305,69035,69065,12907
1786957200,69065,69075,68970,68990,5135
1786960800,68995,69155,68930,68955,11455
1786964400,68960,69075,68920,69055,6106
1786968000,69060,69110,68940,69030,12807
1786971600,69030,69420,69030,69415,23776
1786975200,69420,69475,69240,69460,16819
1786978800,69460,69555,69365,69470,14118
1786982400,69475,69480,69290,69310,4963
1786986000,69310,69315,69055,69095,6980
1786989600,69095,69110,69020,69085,4234
1786993200,69085,69115,68990,69070,4700
1786996800,69070,69075,68885,68975,3904
1787000400,68980,68980,68980,68980,539
1787007600,69010,69105,68865,68930,10506
1787011200,68935,69120,68595,68940,52873
1787014800,68945,69060,68350,68560,42592
1787018400,68560,68650,68000,68055,42727
1787022000,68055,68105,67700,67995,38858
1787025600,67990,68120,67790,67885,29948
1787029200,67885,67890,67550,67555,25024
1787032800,67560,67620,67390,67545,40159
1787040000,67430,67435,67160,67265,25011
1787043600,67265,67290,67070,67240,16342
1787047200,67245,67330,67160,67290,8283
1787050800,67290,67365,67235,67315,9222
1787054400,67315,67405,67235,67265,9599
1787058000,67265,67340,66910,67010,31943
1787061600,67010,67055,66375,66415,42038
1787065200,66410,66450,66115,66350,36420
1787068800,66355,66425,66250,66370,9804
1787072400,66365,66385,66210,66210,5477
1787076000,66210,66310,66170,66235,4824
1787079600,66230,66360,66215,66290,7015
1787083200,66295,66295,66070,66095,3746
1787086800,66045,66045,66045,66045,753
1787094000,66155,66225,65930,65940,17632
1787097600,65935,66035,65335,65835,110231
1787101200,65830,66250,65815,65915,55798
1787104800,65920,65930,65595,65800,28379
1787108400,65800,65910,65665,65690,24404
1787112000,65690,65710,65150,65345,51492
1787115600,65350,65600,65210,65370,45156
1787119200,65365,65490,65270,65475,34658
1787126400,66000,66410,65860,66290,39966
1787130000,66290,66375,66105,66215,18607
1787133600,66220,66275,66110,66140,11337
1787137200,66145,66270,65980,66100,14334
1787140800,66100,66735,66025,66730,32179
1787144400,66730,66900,66105,66295,57140
1787148000,66295,66390,65750,66390,52075
1787151600,66390,66390,66105,66200,17105
1787155200,66200,66330,66080,66090,9433
1787158800,66090,66115,65910,65940,6854
1787162400,65940,65990,65735,65910,9748
1787166000,65910,66020,65845,65965,8434
1787169600,65965,66150,65935,66130,3634
1787173200,66200,66200,66200,66200,630
1787180400,66335,66420,66065,66075,12177
1787184000,66070,66270,65660,66265,71568
1787187600,66265,66345,65870,66035,38283
1787191200,66040,66090,65865,66005,18734
1787194800,66005,66085,65740,65895,17067
1787198400,65895,66245,65860,66180,19166
1787202000,66175,66290,66070,66110,18559
1787205600,66115,66380,66090,66360,25008
1787212800,65920,66070,65730,65770,22827
1787216400,65780,65925,65740,65865,10670
1787220000,65865,65935,65740,65915,10861
1787223600,65915,65970,65415,65430,19561
1787227200,65435,65470,64880,65335,46148
1787230800,65335,65780,65265,65550,43119
1787234400,65555,65840,65455,65785,26636
1787238000,65785,65995,65485,65670,22358
1787241600,65675,65855,65620,65810,7384
1787245200,65810,65815,65595,65620,4538
1787248800,65620,65620,65300,65355,10221
1787252400,65355,65610,65345,65595,8051
1787256000,65590,65605,65455,65490,2551
1787259600,65505,65505,65505,65505,417
1787266800,65600,65605,65190,65275,14442
1787270400,65270,65940,65175,65450,74125
1787274000,65445,65925,65250,65745,44227
1787277600,65745,66040,65720,66005,22066
1787281200,66005,66140,65805,65920,23441
1787284800,65925,66095,65870,65995,19004
1787288400,65995,66035,65745,65870,19873
1787292000,65870,66175,65825,66090,26057
1787299200,66265,66310,66000,66170,18579
1787302800,66175,66195,65980,66120,9879
1787306400,66125,66205,66095,66155,5842
1787310000,66160,66465,66065,66260,19132
1787313600,66260,66280,66095,66135,13196
1787317200,66135,66180,65645,65930,37493
1787320800,65930,65970,65595,65715,27143
1787324400,65710,66180,65670,66040,20387
1787328000,66035,66075,65855,65950,12136
1787331600,65950,65970,65855,65890,4448
1787335200,65890,65945,65830,65930,3686
1787338800,65930,66050,65910,65925,5660
1787342400,65925,65995,65900,65925,2323
1787346000,65980,65980,65980,65980,803
1787526000,65940,66245,65865,66185,10703
1787529600,66190,66250,65645,66010,58003
1787533200,66005,66215,65765,65780,34716
1787536800,65780,66020,65745,65980,16053
1787540400,65980,65990,65545,65600,23184
1787544000,65605,65785,65590,65625,16841
1787547600,65625,65795,65545,65570,19156
1787551200,65565,65640,65440,65440,24335
1787558400,65395,65705,65260,65625,17899
1787562000,65630,65775,65595,65740,6242
1787565600,65745,65805,65630,65670,6018
1787569200,65665,65955,65570,65665,16151
1787572800,65665,65665,65365,65505,18124
1787576400,65505,65525,64905,65075,34111
1787580000,65080,65180,64855,65065,25342
1787583600,65065,65400,64955,65270,22468
1787587200,65275,65390,65240,65275,8648
1787590800,65270,65500,65250,65275,10910
1787594400,65280,65555,65280,65435,5720
1787598000,65430,65470,65290,65360,6093
1787601600,65360,65385,65300,65300,2175
1787605200,65330,65330,65330,65330,641
1787612400,65280,65310,65105,65145,11024
1787616000,65135,65315,64605,65125,73069
1787619600,65130,65295,64845,65210,41020
1787623200,65210,65780,65175,65610,33536
1787626800,65610,65930,65600,65730,26959
1787630400,65740,65885,65690,65770,16807
1787634000,65760,65865,65680,65760,16096
1787637600,65760,65955,65735,65930,23608
1787644800,65850,66130,65760,65990,20060
1787648400,65990,66375,65925,66255,18632
1787652000,66255,66265,66145,66185,8486
1787655600,66185,66195,66050,66160,7315
1787659200,66160,66310,66075,66095,11166
1787662800,66100,66150,65885,65975,23429
1787666400,65970,65970,65560,65870,28260
1787670000,65870,66105,65815,65960,11838
1787673600,65955,66090,65950,66005,5425
1787677200,66010,66010,65875,65910,3182
1787680800,65910,66020,65870,65980,2376
1787684400,65980,66080,65880,66055,4189
1787688000,66055,66185,66020,66135,3062
1787691600,66000,66000,66000,66000,840
1787698800,65915,65995,65655,65660,11104
1787702400,65655,65750,65390,65395,60008
1787706000,65395,65835,65380,65825,31763
1787709600,65825,66505,65765,66415,35656
1787713200,66415,66420,66155,66275,23221
1787716800,66280,66435,66185,66370,18640
1787720400,66365,66410,66255,66315,14104
1787724000,66315,66400,66220,66400,19420
1787731200,66250,66390,66180,66315,13172
1787734800,66315,66325,66200,66300,5322
1787738400,66295,66325,66195,66295,6386
1787742000,66295,66410,66155,66260,10425
1787745600,66265,66375,65955,65980,16408
1787749200,65985,66390,65905,66310,25550
1787752800,66305,66310,65915,65955,16316
1787756400,65960,66045,65870,65910,12143
1787760000,65905,65915,65750,65865,7622
1787763600,65865,65940,65835,65910,3765
1787767200,65905,66000,65890,65965,3256
1787770800,65965,66055,65960,65990,7037
1787774400,65990,66170,65935,66165,8031
1787778000,66120,66120,66120,66120,488
1787785200,66990,67185,66930,67085,17429
1787788800,67080,67090,65855,65870,98517
1787792400,65870,66285,65760,66125,56698
1787796000,66125,66345,66090,66235,20065
1787799600,66235,66515,66200,66440,20791
1787803200,66440,66510,66125,66235,23419
1787806800,66240,66245,65985,66135,24529
1787810400,66135,66175,66020,66150,17200
1787817600,66160,66465,66140,66345,16436
1787821200,66340,66400,66265,66310,10120
1787824800,66305,66305,66145,66230,9433
1787828400,66230,66280,66085,66260,13360
1787832000,66260,66360,66150,66165,11957
1787835600,66170,66425,65670,65780,49212
1787839200,65785,66130,65745,66005,27134
1787842800,66010,66105,65875,66075,13789
1787846400,66080,66235,66025,66230,7541
1787850000,66230,66250,65985,65995,5739
1787853600,65995,66010,65810,65915,6737
1787857200,65920,66235,65910,66225,7663
1787860800,66230,66260,66095,66135,3518
1787864400,66180,66180,66180,66180,584
1787871600,65950,66180,65880,66170,9787
1787875200,66170,66615,66055,66500,69916
1787878800,66505,66720,66425,66665,34552
1787882400,66670,66850,66550,66630,21151
1787886000,66630,66860,66455,66710,25706
1787889600,66705,66720,66525,66600,16558
1787893200,66605,66610,66280,66315,23092
1787896800,66315,66490,66300,66450,23577
1787904000,66550,66695,66470,66625,13029
1787907600,66620,66700,66600,66635,7545
1787911200,66635,66635,66530,66595,5842
1787914800,66595,66695,66525,66530,7253
1787918400,66525,66585,66445,66535,8668
1787922000,66540,66740,66345,66615,21844
1787925600,66635,66850,66170,66810,51334
1787929200,66815,66825,65890,65900,31061
1787932800,65900,65940,65665,65835,26245
1787936400,65840,65865,65665,65850,12075
1787940000,65850,65870,65670,65710,6989
1787943600,65715,65855,65695,65775,7980
1787947200,65775,65865,65735,65845,2667
1787950800,65835,65835,65835,65835,660
1788130800,65395,65395,64830,64840,19711
1788134400,64840,65555,64610,65160,93628
1788138000,65155,65360,65005,65190,47481
1788141600,65190,65530,65155,65530,28016
1788145200,65530,65745,65510,65725,27418
1788148800,65725,66180,65690,66155,28456
1788152400,66160,66265,66060,66180,27136
1788156000,66180,66470,66095,66440,33741
1788163200,66370,66415,66280,66395,15934
1788166800,66395,66525,66250,66265,11819
1788170400,66270,66340,66225,66325,5923
1788174000,66325,66375,66265,66325,6056
1788177600,66320,66515,66205,66250,22723
1788181200,66260,66485,66120,66260,30855
1788184800,66270,66310,66070,66120,21242
1788188400,66125,66195,65780,65790,21983
1788192000,65790,65925,65730,65900,9812
1788195600,65895,65895,65725,65835,5946
1788199200,65840,65870,65720,65780,4798
1788202800,65775,65975,65730,65875,8296
1788206400,65875,65915,65800,65865,3614
1788210000,65810,65810,65810,65810,465
1788217200,65840,65985,65820,65825,10540
1788220800,65825,66040,65570,66035,59449
1788224400,66035,66435,66030,66175,46197
1788228000,66170,66265,66010,66265,19350
1788231600,66270,66285,66115,66255,16811
1788235200,66255,66395,66135,66160,19904
1788238800,66160,66555,66140,66485,28648
1788242400,66490,66535,66145,66160,26719
1788249600,66010,66035,65050,65105,56259
1788253200,65105,65145,64975,65020,21123
1788256800,65020,65205,65005,65065,13228
1788260400,65065,65140,64985,65000,10544
1788264000,65000,65050,64925,64985,14198
1788267600,64985,65175,64900,65100,27489
1788271200,65095,65495,65030,65380,33414
1788274800,65380,65625,65205,65610,24365
1788278400,65615,65625,65055,65110,20368
1788282000,65110,65115,64785,64935,20533
1788285600,64935,64960,64645,64775,8900
1788289200,64775,64915,64770,64880,8951
1788292800,64885,64930,64785,64855,6542
1788296400,64880,64880,64880,64880,513
1788303600,64780,64915,64730,64830,13485
1788307200,64830,64940,64390,64505,93763
1788310800,64500,64715,64240,64300,49445
1788314400,64305,64580,64270,64455,31094
1788318000,64460,64495,64330,64370,18902
1788321600,64370,64380,64215,64300,27939
1788325200,64300,64515,64245,64485,28039
1788328800,64480,64505,64220,64345,35491
1788336000,64400,64510,64060,64150,26792
1788339600,64145,64265,63755,63905,28817
1788343200,63905,63970,63735,63930,17837
1788346800,63925,64180,63725,64175,27584
1788350400,64175,64335,64030,64055,22802
1788354000,64055,64305,63985,64210,34495
1788357600,64210,64620,64150,64355,39295
1788361200,64355,64615,64325,64575,19562
1788364800,64575,64615,64525,64605,6982
1788368400,64605,64750,64580,64740,8162
1788372000,64740,64850,64625,64690,8738
1788375600,64690,64835,64665,64745,7464
1788379200,64745,64750,64545,64590,6042
1788382800,64500,64500,64500,64500,591
1788390000,64575,64765,64575,64690,10662
1788393600,64690,64720,64140,64250,62314
1788397200,64250,64525,64225,64320,36133
1788400800,64320,64505,64275,64415,18560
1788404400,64420,64620,64405,64575,17684
1788408000,64575,64605,64420,64430,15403
1788411600,64435,64435,63765,64285,57816
1788415200,64285,64465,64150,64230,32704
1788422400,64230,64580,64170,64285,32512
1788426000,64285,64325,63905,63930,22093
1788429600,63930,63965,63785,63845,16808
1788433200,63840,64025,63750,63770,24244
1788436800,63775,64210,63705,64125,33584
1788440400,64120,64170,63740,64030,39672
1788444000,64030,64245,63715,64235,41857
1788447600,64240,64670,64230,64570,36352
1788451200,64575,64700,64500,64625,12706
1788454800,64625,64640,64500,64605,7301
1788458400,64605,64720,64530,64540,7499
1788462000,64545,64615,64500,64585,6691
1788465600,64585,64630,64555,64590,2691
1788469200,64665,64665,64665,64665,575
1788476400,64680,64785,64600,64620,13528
1788480000,64620,64870,64290,64740,71234
1788483600,64740,64835,64580,64655,38249
1788487200,64650,64905,64580,64870,23820
1788490800,64870,64975,64725,64925,23698
1788494400,64920,65095,64795,64970,28484
1788498000,64970,65205,64965,65055,34743
1788501600,65055,65105,64975,65015,27526
1788508800,65100,65150,64975,65140,15956
1788512400,65140,65255,65005,65215,13717
1788516000,65210,65315,65140,65285,12263
1788519600,65290,65295,65185,65290,7936
1788523200,65290,65395,64705,64740,52173
1788526800,64745,65590,64655,65550,53516
1788530400,65545,65660,65415,65625,38726
1788534000,65625,65840,65595,65815,27658
1788537600,65815,65970,65790,65810,13871
1788541200,65810,65835,65610,65670,7925
1788544800,65675,65760,65620,65735,6264
1788548400,65740,65855,65660,65840,5122
1788552000,65840,65840,65755,65775,2362
1788555600,65820,65820,65820,65820,505
1788735600,66060,66135,65900,66090,12027
1788739200,66090,66415,65905,66145,64215
1788742800,66145,66535,66120,66505,38782
1788746400,66505,66685,66200,66225,30652
1788750000,66225,66320,66025,66270,40189
1788753600,66270,66340,66195,66335,17718
1788757200,66330,66375,66165,66170,21885
1788760800,66175,66490,66160,66490,26855
1788768000,66425,66455,66175,66280,20389
1788771600,66285,66335,66100,66110,9434
1788775200,66115,66140,65965,65980,8044
1788778800,65990,66005,65870,65910,9731
1788782400,65915,66035,65860,66035,8724
1788786000,66030,66140,66005,66125,12401
1788789600,66125,66175,65985,65990,8263
1788793200,65990,66110,65990,66065,5974
1788796800,66065,66080,66015,66055,1887
1788800400,66055,66085,66045,66050,706
1788804000,66055,66075,66035,66065,541
1788807600,66070,66085,66045,66070,624
1788811200,66065,66090,66055,66075,539
1788814800,66075,66075,66075,66075,365
1788822000,65860,65985,65810,65830,11479
1788825600,65835,66785,65735,66725,70531
1788829200,66725,66755,66415,66525,38014
1788832800,66520,66620,66370,66380,17163
1788836400,66385,66710,66370,66625,20140
1788840000,66630,66640,66370,66385,16774
1788843600,66385,66390,65775,65775,39873
1788847200,65775,65790,65105,65190,52818
1788854400,65000,65230,64920,65090,30146
1788858000,65090,65425,65000,65325,16187
1788861600,65325,65520,65230,65310,15456
1788865200,65310,65420,65190,65410,10739
1788868800,65405,65440,65140,65440,18671
1788872400,65440,65615,65280,65280,32379
1788876000,65280,65380,65120,65370,26472
1788879600,65370,65500,65325,65425,15027
1788883200,65430,65485,65255,65325,8925
1788886800,65320,65470,65320,65425,4209
1788890400,65425,65510,65255,65295,7753
1788894000,65300,65330,65085,65170,10263
1788897600,65165,65185,65035,65085,4205
1788901200,65050,65050,65050,65050,473
1788908400,65035,65035,64800,64960,10943
1788912000,64960,65720,64955,65590,57999
1788915600,65590,65780,65400,65505,30284
1788919200,65505,65610,65365,65460,18776
1788922800,65460,65585,65175,65240,21013
1788926400,65245,65330,65075,65290,22358
1788930000,65285,65295,65005,65165,24481
1788933600,65165,65250,64945,65250,24538
1788940800,65250,65345,65130,65235,15686
1788944400,65235,65295,64735,64760,14813
1788948000,64755,64760,64440,64495,22582
1788951600,64500,64615,64400,64425,20970
1788955200,64425,64560,64310,64530,15963
1788958800,64525,64940,64515,64930,24564
1788962400,64925,64985,64520,64565,24594
1788966000,64575,64645,64190,64285,26574
1788969600,64285,64360,64135,64310,9006
1788973200,64310,64410,64285,64360,6347
1788976800,64355,64385,64220,64225,2212
1788980400,64235,64295,64145,64190,3633
1788984000,64190,64350,64155,64350,3475
1788987600,64390,64390,64390,64390,795
1788994800,64405,64585,64290,64585,4587
1788998400,64590,64795,64265,64375,17823
1789002000,64375,64525,64165,64510,10164
1789005600,64515,64685,64465,64650,5709
1789009200,64660,64770,64625,64730,4271
1789012800,64735,64955,64695,64950,4993
1789016400,64955,65100,64820,64925,7289
1789020000,64915,65300,64915,65170,7941
1789027200,64940,65050,64685,64725,18211
1789030800,64725,64825,64615,64775,11922
1789034400,64775,64925,64715,64735,12780
1789038000,64730,64750,64410,64410,14069
1789041600,64410,64480,64025,64095,30722
1789045200,64095,64220,63925,63940,36221
1789048800,63940,64345,63885,64115,32483
1789052400,64120,64130,63900,63940,13458
1789056000,63945,64055,63795,64045,13821
1789059600,64035,64130,63855,63910,6791
1789063200,63910,63970,63785,63895,8297
1789066800,63890,63935,63760,63870,7043
1789070400,63870,63965,63835,63910,3126
1789074000,63880,63880,63880,63880,453
1789081200,63720,63755,62980,62995,22524
1789084800,62990,63475,62875,63455,95103
1789088400,63455,63485,63035,63230,40670
1789092000,63230,63380,63095,63165,22066
1789095600,63165,63370,63100,63330,19056
1789099200,63330,63750,63285,63545,33390
1789102800,63540,63900,63525,63775,31429
1789106400,63780,63960,63720,63960,33088
1789113600,64000,64330,63815,64310,32807
1789117200,64315,64330,64150,64215,9398
1789120800,64220,64315,64130,64165,13358
1789124400,64165,64220,64045,64115,10309
1789128000,64115,64510,63800,64495,38372
1789131600,64490,64615,64290,64605,41217
1789135200,64605,64605,64330,64385,31385
1789138800,64380,64740,64375,64635,18139
1789142400,64635,64705,64505,64590,10813
1789146000,64600,64675,64565,64595,5994
1789149600,64595,64620,64510,64530,5120
1789153200,64535,64605,64500,64535,6972
1789156800,64540,64560,64510,64530,2098
1789160400,64490,64490,64490,64490,648
1789340400,63000,63095,62730,62880,21424
1789344000,62875,63120,62530,62770,86023
1789347600,62765,63210,62705,63165,39846
1789351200,63165,63415,63130,63375,23847
1789354800,63370,63450,63135,63195,22652
1789358400,63195,63275,63120,63235,16194
1789362000,63240,63330,63095,63315,21295
1789365600,63320,63520,63315,63350,28744
1789372800,63160,63290,62940,63080,26761
1789376400,63085,63110,62620,62790,26137
1789380000,62800,63100,62745,63060,14739
1789383600,63055,63075,62890,62925,10532
1789387200,62930,63140,62845,63085,25378
1789390800,63085,63280,62860,63150,35454
1789394400,63145,63405,62790,62910,35499
1789398000,62905,63325,62810,63225,35651
1789401600,63230,63585,63170,63495,18738
1789405200,63500,63510,63365,63475,6881
1789408800,63475,63530,63400,63415,5874
1789412400,63420,63440,63105,63115,9018
1789416000,63115,63220,63085,63210,4102
1789419600,63215,63215,63215,63215,451
1789426800,63095,63155,62790,62900,16326
1789430400,62890,63660,62765,63525,77909
1789434000,63520,63830,63465,63765,37329
1789437600,63765,63920,63740,63815,16930
1789441200,63825,63860,63510,63510,25058
1789444800,63510,63600,63150,63195,34179
1789448400,63195,63545,63005,63415,38350
1789452000,63415,63515,63270,63320,26179
1789459200,63075,63230,62920,63155,23277
1789462800,63155,63395,63000,63370,17220
1789466400,63370,63690,63345,63675,15930
1789470000,63675,63770,63635,63760,13847
1789473600,63760,63840,63655,63790,22173
1789477200,63790,63840,63450,63625,30212
1789480800,63635,63730,63230,63270,31264
1789484400,63270,63535,63270,63345,21650
1789488000,63345,63430,63260,63385,7626
1789491600,63385,63435,63320,63420,4287
1789495200,63420,63510,63290,63400,5614
1789498800,63405,63420,63315,63415,4810
1789502400,63415,63490,63415,63460,2172
1789506000,63495,63495,63495,63495,440
1789513200,63630,63650,63475,63500,10198
1789516800,63505,63520,63085,63295,58966
1789520400,63295,63335,63020,63045,26429
1789524000,63040,63390,63030,63385,21283
1789527600,63385,63700,63365,63560,35424
1789531200,63560,63675,63430,63465,19745
1789534800,63460,63640,63420,63530,18564
1789538400,63530,63840,63530,63840,25606
1789545600,63850,64055,63655,64050,27334
1789549200,64050,64110,63880,63940,14450
1789552800,63940,64125,63910,64115,6937
1789556400,64115,64200,64010,64200,14264
1789560000,64195,64365,64175,64340,17000
1789563600,64340,64425,64160,64400,27620
1789567200,64400,64450,64240,64450,16596
1789570800,64450,64730,64445,64515,30315
1789574400,64520,64575,64425,64430,5942
1789578000,64435,64480,64325,64475,5393
1789581600,64475,64585,63845,63865,38469
1789585200,63865,64115,63460,64090,39018
1789588800,64095,64220,64055,64195,6995
1789592400,64240,64240,64240,64240,583
1789599600,64340,64745,64335,64630,16663
1789603200,64630,64630,63780,63895,78679
1789606800,63900,64315,63780,63840,41553
1789610400,63845,64095,63745,63970,30173
1789614000,63965,64170,63905,64150,22977
1789617600,64150,64150,63825,63945,22281
1789621200,63950,63980,63670,63705,19891
1789624800,63705,64200,63650,64200,33998
1789632000,64280,64355,64020,64250,20294
1789635600,64250,64510,64245,64380,16961
1789639200,64385,64530,64370,64500,9388
1789642800,64500,64685,64465,64680,13185
1789646400,64680,64945,64570,64895,25700
1789650000,64890,65040,64715,64960,27351
1789653600,64965,64970,64635,64650,18954
1789657200,64650,64795,64645,64795,10035
1789660800,64795,64835,64710,64810,6950
1789664400,64805,64895,64780,64835,3501
1789668000,64835,64885,64785,64830,3257
1789671600,64830,64875,64790,64825,4206
1789675200,64825,64905,64810,64820,2626
1789678800,64795,64795,64795,64795,438
1789686000,64800,64875,64740,64750,8400
1789689600,64750,64765,64405,64500,56321
1789693200,64495,64630,64225,64375,29810
1789696800,64370,64755,64360,64665,22718
1789700400,64670,65355,64660,65195,66503
1789704000,65195,65235,64955,65085,25680
1789707600,65080,65165,64825,64885,22991
1789711200,64880,65140,64850,65100,28045
1789718400,65335,65660,65310,65365,32858
1789722000,65365,65465,65245,65255,11810
1789725600,65255,65305,65150,65165,9245
1789729200,65160,65235,65025,65170,16711
1789732800,65180,65265,65000,65190,19925
1789736400,65190,65240,64980,65030,21743
1789740000,65020,65080,64780,64885,31296
1789743600,64890,64920,64680,64700,19320
1789747200,64695,64800,64585,64770,13727
1789750800,64770,64790,64710,64780,3169
1789754400,64780,64875,64735,64830,3312
1789758000,64835,65030,64810,64965,6899
1789761600,64965,65060,64955,64965,4719
1789765200,64900,64900,64900,64900,615
1789945200,65190,65205,64970,65065,6759
1789948800,65070,65350,64900,64950,25295
1789952400,64955,65080,64865,64900,15696
1789956000,64895,65025,64875,65005,7801
1789959600,65010,65105,64970,65060,6696
1789963200,65065,65150,65010,65095,6380
1789966800,65095,65305,65060,65220,9421
1789970400,65220,65425,65220,65415,8962
1789977600,65500,65720,65465,65690,15925
1789981200,65690,65735,65615,65645,6582
1789984800,65640,65805,65630,65725,7547
1789988400,65720,65875,65720,65835,6739
1789992000,65835,65980,65825,65835,15546
1789995600,65825,65925,65610,65895,20224
1789999200,65890,66155,65810,66150,22624
1790002800,66150,66350,66145,66205,13513
1790006400,66205,66415,66185,66380,10120
1790010000,66385,66425,66350,66410,4327
1790013600,66410,66485,66400,66440,4843
1790017200,66445,66525,66395,66405,5226
1790020800,66410,66415,66335,66335,2356
1790024400,66370,66370,66370,66370,458
1790031600,66400,66620,66380,66585,6510
1790035200,66580,66990,66570,66855,31817
1790038800,66855,66905,66580,66635,16792
1790042400,66630,66730,66470,66480,10667
1790046000,66475,66560,66375,66420,11581
1790049600,66420,66440,66240,66310,10402
1790053200,66310,66415,66100,66360,16463
1790056800,66360,66365,66180,66205,8599
1790064000,66165,66395,65985,66365,28480
1790067600,66360,66565,66240,66520,23004
1790071200,66515,66585,66420,66495,8098
1790074800,66495,66555,66350,66400,12509
1790078400,66400,66605,66370,66460,10930
1790082000,66460,66870,66445,66845,25173
1790085600,66840,66980,66665,66740,24506
1790089200,66740,66845,66605,66690,13875
1790092800,66690,66830,66640,66810,7499
1790096400,66805,66970,66750,66965,7742
1790100000,66965,67010,66895,66910,6065
1790103600,66915,67090,66910,66980,7459
1790107200,66980,66990,66870,66890,2383
1790110800,66855,66855,66855,66855,448
1790118000,67005,67115,66940,67060,9390
1790121600,67060,67150,66665,66685,27791
1790125200,66685,66730,66560,66575,12882
1790128800,66580,66620,66510,66555,8358
1790132400,66560,66665,66535,66590,7122
1790136000,66590,66710,66590,66640,6281
1790139600,66640,66760,66625,66710,8428
1790143200,66710,66825,66690,66790,9448
1790150400,66735,66795,66650,66735,10367
1790154000,66735,66815,66620,66630,8780
1790157600,66635,66680,66575,66610,5145
1790161200,66605,66605,66335,66445,14243
1790164800,66445,66475,66345,66470,7705
1790168400,66470,66585,66130,66200,23450
1790172000,66195,66280,65920,66160,35783
1790175600,66160,66215,65990,66060,12529
1790179200,66055,66065,65745,65805,11552
1790182800,65800,65965,65685,65965,11912
1790186400,65965,65985,65865,65940,3844
1790190000,65940,65955,65860,65935,5475
1790193600,65935,65940,65885,65905,2261
1790197200,65950,65950,65950,65950,394
1790204400,65970,66025,65810,65855,13227
1790208000,65855,66075,65485,65990,77150
1790211600,65990,66055,65680,65820,38134
1790215200,65825,65880,65650,65830,20260
1790218800,65830,65830,65560,65595,18804
1790222400,65600,65740,65445,65690,25575
1790226000,65690,65770,65435,65440,19530
1790229600,65435,65565,65365,65460,32658
1790236800,65505,65560,65160,65200,32844
1790240400,65205,65370,65090,65280,17147
1790244000,65275,65385,65125,65320,18546
1790247600,65315,65370,65185,65320,12992
1790251200,65315,65450,65210,65435,20837
1790254800,65430,65580,65400,65485,25953
1790258400,65480,65600,65290,65315,23855
1790262000,65315,65345,65160,65300,18003
1790265600,65300,65890,65235,65770,37984
1790269200,65765,65855,65515,65585,15925
1790272800,65585,65770,65415,65695,13467
1790276400,65695,65710,65575,65660,7763
1790280000,65660,65660,65400,65500,4736
1790283600,65475,65475,65475,65475,475
1790290800,65405,65480,65305,65355,10473
1790294400,65355,65755,65340,65540,53814
1790298000,65540,66190,65475,66160,48330
1790301600,66160,66180,66020,66120,17417
1790305200,66125,66145,65935,66100,16168
1790308800,66100,66210,65955,66165,18821
1790312400,66160,66240,66065,66140,18981
1790316000,66140,66300,66110,66290,24093
1790323200,66230,66550,66085,66535,20425
1790326800,66530,66595,66445,66485,17170
1790330400,66490,66530,66310,66340,10377
1790334000,66340,66520,66325,66325,11817
1790337600,66330,66430,66235,66240,19405
1790341200,66245,66345,65985,66110,28659
1790344800,66110,66120,65855,65995,27168
1790348400,65995,66175,65910,66165,26912
1790352000,66165,66530,66140,66340,29805
1790355600,66340,66420,66310,66355,7670
1790359200,66360,66445,66335,66360,6169
1790362800,66360,66520,66330,66460,9359
1790366400,66465,66480,66415,66450,2656
1790370000,66475,66475,66475,66475,573
1790550000,66205,66345,66075,66315,14692
1790553600,66310,66850,66250,66450,78594
1790557200,66450,66475,66100,66185,50625
1790560800,66185,66235,65965,66020,20764
1790564400,66025,66140,65970,66050,23756
1790568000,66055,66210,65985,66100,17370
1790571600,66095,66190,65935,66050,21639
1790575200,66050,66075,65570,65570,43210
1790582400,65680,65690,65360,65435,25037
1790586000,65430,65590,65300,65515,17081
1790589600,65520,65630,65390,65525,12732
1790593200,65525,65675,65515,65610,17077
1790596800,65610,65935,65540,65910,29015
1790600400,65905,65925,65605,65775,35041
1790604000,65780,65780,65140,65245,37491
1790607600,65245,65395,65200,65390,16916
1790611200,65390,65975,65340,65700,29048
1790614800,65690,65985,65620,65805,16687
1790618400,65805,65890,65735,65865,7183
1790622000,65870,65870,65710,65780,9231
1790625600,65785,65795,65635,65635,3201
1790629200,65670,65670,65670,65670,470
1790636400,65770,65800,65525,65595,11761
1790640000,65600,65995,65405,65435,80929
1790643600,65435,65545,65230,65400,38032
1790647200,65400,65560,65210,65325,23604
1790650800,65325,65490,65175,65295,27360
1790654400,65290,65305,65115,65130,22295
1790658000,65135,65245,64885,65170,35057
1790661600,65170,65810,65130,65810,55764
1790668800,65770,65880,65665,65805,21362
1790672400,65795,65850,65655,65685,14164
1790676000,65685,65840,65675,65800,10509
1790679600,65795,65950,65730,65850,18399
1790683200,65845,65955,65750,65765,14734
1790686800,65765,65930,65725,65855,24902
1790690400,65860,66475,65825,66370,55089
1790694000,66370,66375,65925,66150,36628
1790697600,66150,66165,65940,65995,12796
1790701200,65990,66105,65915,65980,8247
1790704800,65985,66285,65985,66275,12694
1790708400,66275,66325,66210,66310,6579
1790712000,66310,66365,66285,66315,3213
1790715600,66310,66310,66310,66310,505
1790722800,66330,66645,66310,66630,17662
1790726400,66625,66745,66235,66390,78441
1790730000,66390,66585,66300,66470,31026
1790733600,66465,66590,66260,66460,26905
1790737200,66460,66805,66445,66785,33079
1790740800,66790,67095,66765,67005,37143
1790744400,66995,67150,66815,67030,40544
1790748000,67035,67150,66990,67145,44790
1790755200,67365,67590,67260,67330,30154
1790758800,67330,67365,67175,67190,15023
1790762400,67185,67320,67085,67230,15309
1790766000,67230,67265,67010,67175,22817
1790769600,67175,67780,67060,67620,50124
1790773200,67625,67735,67315,67580,39280
1790776800,67580,67820,67515,67680,44277
1790780400,67680,67700,67425,67580,28514
1790784000,67575,67635,67360,67395,9793
1790787600,67395,67405,67170,67300,10923
1790791200,67300,67300,67140,67195,6891
1790794800,67195,67290,67070,67100,12590
1790798400,67105,67225,67020,67115,7703
1790802000,67095,67095,67095,67095,535
1790809200,67335,67410,67190,67290,14458
1790812800,67290,67925,67275,67920,72552
1790816400,67920,68350,67910,68320,64347
1790820000,68325,68620,68325,68620,34912
1790823600,68620,68795,68480,68745,33018
1790827200,68745,68945,68690,68890,33211
1790830800,68890,69170,68885,69080,37038
1790834400,69080,69240,69005,69005,38674
1790841600,68455,68565,68130,68350,48059
1790845200,68355,68575,68345,68475,21234
1790848800,68470,68850,68290,68800,25092
1790852400,68800,68800,68495,68715,19737
1790856000,68715,68790,68530,68550,20345
1790859600,68550,68600,68300,68415,35255
1790863200,68410,68420,68015,68090,55534
1790866800,68095,68100,67790,67970,39533
1790870400,67970,68180,67910,68020,15225
1790874000,68015,68595,67990,68440,23104
1790877600,68440,68540,68220,68525,16702
1790881200,68525,68690,68410,68540,13140
1790884800,68540,68595,68455,68480,3301
1790888400,68465,68465,68465,68465,572
1790895600,68330,68735,68310,68660,16693
1790899200,68655,68925,68345,68635,70356
1790902800,68630,68675,68300,68580,38961
1790906400,68580,68635,68410,68470,20863
1790910000,68475,68595,68375,68465,21292
1790913600,68470,68575,68380,68515,20429
1790917200,68515,68555,68360,68450,21783
1790920800,68450,68645,68350,68630,41864
1790928000,68995,69305,68870,69250,36151
1790931600,69250,69495,69105,69410,30256
1790935200,69410,69495,69165,69490,17835
1790938800,69490,69650,69450,69505,22945
1790942400,69505,69885,69430,69815,35959
1790946000,69825,69970,69665,69865,40356
1790949600,69865,70185,69790,69980,33793
1790953200,69980,70000,69405,69770,37979
1790956800,69775,69835,69610,69780,16375
1790960400,69780,69860,69595,69755,10760
1790964000,69760,69800,69700,69770,4992
1790967600,69770,69960,69760,69920,7799
1790971200,69925,69945,69785,69820,2798
1790974800,69710,69710,69710,69710,622
1791154800,69865,69955,69660,69800,13570
1791158400,69800,70120,69560,70035,67164
1791162000,70035,70270,69965,70140,37378
1791165600,70140,70245,70025,70050,21056
1791169200,70045,70170,69905,69925,25993
1791172800,69930,70125,69835,69890,22512
1791176400,69895,70105,69840,70090,22607
1791180000,70095,70175,70045,70095,30877
1791187200,70200,70250,69750,69865,35388
1791190800,69870,69900,69775,69830,12476
1791194400,69825,70035,69780,69975,14872
1791198000,69975,70190,69845,70060,18914
1791201600,70060,70110,69950,70025,12406
1791205200,70025,70165,69895,70030,22559
1791208800,70030,70340,69910,70195,27372
1791212400,70195,70205,69950,70050,13563
1791216000,70060,70115,69995,70020,7960
1791219600,70020,70085,69985,70075,4140
1791223200,70075,70180,70005,70130,6079
1791226800,70120,70230,70075,70160,6984
1791230400,70155,70200,70145,70185,2063
1791234000,70185,70185,70185,70185,425
1791241200,70085,70270,70070,70165,11862
1791244800,70170,70545,69980,70355,69818
1791248400,70355,70605,70230,70350,35562
1791252000,70355,70390,70225,70295,15104
1791255600,70300,70590,70250,70495,24153
1791259200,70495,70730,70470,70655,26963
1791262800,70660,70965,70650,70940,22726
1791266400,70945,71025,70885,70900,29061
1791273600,70975,71160,70935,71055,20648
1791277200,71055,71110,70955,70975,12031
1791280800,70975,71275,70940,71225,15774
1791284400,71225,71490,71185,71435,17465
1791288000,71440,71515,71170,71260,21464
1791291600,71265,71435,71190,71350,26384
1791295200,71350,71480,71120,71260,28008
1791298800,71255,71330,71170,71205,14427
1791302400,71210,71220,71045,71085,7497
1791306000,71085,71140,71005,71100,6026
1791309600,71110,71135,70940,70965,5373
1791313200,70965,70980,70850,70870,5698
1791316800,70875,70975,70865,70960,2160
1791320400,71065,71065,71065,71065,830
1791327600,70900,71005,70875,70885,12846
1791331200,70885,70990,70620,70670,60459
1791334800,70670,70700,70505,70505,26869
1791338400,70505,70535,70205,70350,32960
1791342000,70350,70485,70315,70380,20173
1791345600,70375,70400,70265,70345,16399
1791349200,70350,70560,70320,70485,20564
1791352800,70485,70500,70240,70350,28793
1791360000,70265,70305,70155,70220,18188
1791363600,70220,70235,69985,70090,16622
1791367200,70090,70105,69810,69900,15482
1791370800,69895,69895,69750,69825,23355
1791374400,69825,69845,69575,69625,23594
1791378000,69630,69670,69210,69370,36717
1791381600,69365,69595,69250,69510,25766